C0/date,C0/min,C0/max,C0/mean,C0/stDev,C0/sampleCount,C0/noDataCount,C0/median,C0/p10,C0/p90,C0/cloudCoveragePercent
2026-09-23T00:00:00.000Z,-0.3142026960849762,-0.16308817267417908,-0.21858895694216093,0.058907734254327625,12,0,-0.19410976767539978,-0.28769174218177795,-0.1631205677986145,0
2026-09-18T00:00:00.000Z,-0.44658297300338745,-0.2752566933631897,-0.3404282058278719,0.06614904266746036,12,0,-0.2958921790122986,-0.4225892126560211,-0.2797180414199829,0
2026-09-13T00:00:00.000Z,0.04996611550450325,0.06197919696569443,0.05578047254433234,0.0037566921912560794,12,0,0.056136488914489746,0.05132811516523361,0.0603066012263298,100
2026-09-08T00:00:00.000Z,-0.6741405129432678,-0.6278133392333984,-0.6507858037948608,0.015423988222908929,12,0,-0.64371258020401,-0.6700915098190308,-0.6294206380844116,0
2026-09-05T00:00:00.000Z,-0.5698439478874207,-0.5449013710021973,-0.5554965088764826,0.007859098617972786,12,0,-0.5529196858406067,-0.5632980465888977,-0.5451369881629944,0
2026-09-03T00:00:00.000Z,-0.42951688170433044,-0.3998302221298218,-0.41434618085622793,0.00818862381990095,12,0,-0.41542506217956543,-0.4200398027896881,-0.40531349182128906,66.66666666666666
2026-08-29T00:00:00.000Z,-0.7617579102516174,-0.7136635780334473,-0.7403251777092617,0.01541994847409176,12,0,-0.7404467463493347,-0.75579833984375,-0.7187162041664124,0
2026-08-24T00:00:00.000Z,-0.6001355648040771,-0.3665231466293335,-0.49521086116631824,0.07612359341372965,12,0,-0.4921639561653137,-0.5760765671730042,-0.39886629581451416,100
2026-08-19T00:00:00.000Z,-0.2706681787967682,-0.2518669366836548,-0.25880072762568795,0.006484047299042035,12,0,-0.25581395626068115,-0.2672083079814911,-0.2519693970680237,100
2026-08-16T00:00:00.000Z,-0.6678134799003601,-0.6521913409233093,-0.6605884929498037,0.0037923105314786086,12,0,-0.6600382328033447,-0.6633251309394836,-0.6574434638023376,0
2026-08-14T00:00:00.000Z,-0.0989639163017273,-0.08776877075433731,-0.09105770165721576,0.003313480422955529,12,0,-0.08928728848695755,-0.09281253069639206,-0.08776877075433731,100
2026-08-09T00:00:00.000Z,0.015752514824271202,0.047689877450466156,0.03555683232843876,0.009190414909626738,12,0,0.0372023805975914,0.028139755129814148,0.04661175608634949,100
2026-08-04T00:00:00.000Z,0.021457549184560776,0.03212596848607063,0.027020225611825786,0.002959538529000635,12,0,0.027251822873950005,0.024746688082814217,0.03041880950331688,100
2026-07-30T00:00:00.000Z,-0.3616314232349396,-0.3090743124485016,-0.33066358168919885,0.015627281415179828,12,0,-0.32998672127723694,-0.3445126414299011,-0.3119029700756073,100
2026-07-27T00:00:00.000Z,-0.5420098900794983,-0.4717369079589844,-0.5165523216128349,0.02235996094764678,12,0,-0.5152726173400879,-0.5384615659713745,-0.48463982343673706,100
2026-07-25T00:00:00.000Z,-0.6388843655586243,-0.5569712519645691,-0.6080888410409292,0.030487306137435926,12,0,-0.6244366765022278,-0.6307435035705566,-0.5626357793807983,0
2026-07-20T00:00:00.000Z,-0.027113480493426323,-0.023457730188965797,-0.025076187836627163,0.0011251554805765417,12,0,-0.02462828904390335,-0.026409924030303955,-0.023457730188965797,100
2026-07-15T00:00:00.000Z,-0.7910856008529663,-0.6921659111976624,-0.7603039344151816,0.032888139095395286,12,0,-0.7729160785675049,-0.7878289222717285,-0.7138581275939941,0
2026-07-10T00:00:00.000Z,-0.6812352538108826,-0.6111719608306885,-0.6511265685160955,0.023327021317224663,12,0,-0.6562994122505188,-0.6718000769615173,-0.6173721551895142,0
2026-07-05T00:00:00.000Z,-0.0413421206176281,-0.021448805928230286,-0.03199977256978551,0.005951580153216995,12,0,-0.02972272038459778,-0.03911735117435455,-0.026013309136033058,100
2026-06-30T00:00:00.000Z,-0.11236569285392761,-0.05871182307600975,-0.0861200022821625,0.01879922764026459,12,0,-0.08737234771251678,-0.11120366305112839,-0.06650245934724808,100
2026-06-27T00:00:00.000Z,-0.41889986395835876,-0.3313491940498352,-0.37846166143814725,0.022620701023119773,12,0,-0.3713175654411316,-0.3997848629951477,-0.36183974146842957,0
2026-06-25T00:00:00.000Z,0.19367843866348267,0.2120155394077301,0.20384548356135687,0.006533937864892683,12,0,0.2068292647600174,0.19768595695495605,0.21184948086738586,100