C0/date,C0/min,C0/max,C0/mean,C0/stDev,C0/sampleCount,C0/noDataCount,C0/median,C0/p10,C0/p90
2026-09-06T00:00:00.000Z,-16.723800659179688,-13.08483600616455,-15.44033169746399,1.0069737298508608,12,0,-15.794550895690918,-16.297557830810547,-14.207063674926758
2026-09-05T00:00:00.000Z,-15.27308464050293,-12.68653678894043,-13.74353281656901,0.8627119380036486,12,0,-13.435547828674316,-14.559976577758789,-12.68653678894043
2026-08-29T00:00:00.000Z,-19.244142532348633,-13.048133850097656,-15.540633122126259,1.9958231592237614,12,0,-15.275103569030762,-17.265302658081055,-13.048133850097656
2026-08-25T00:00:00.000Z,-19.854543685913086,-14.559574127197266,-16.748867988586426,1.4040358878870296,12,0,-16.335506439208984,-16.990060806274414,-15.6348237991333
2026-08-24T00:00:00.000Z,-19.86600685119629,-15.704207420349121,-17.735965728759766,1.5524751537255166,12,0,-16.945363998413086,-19.70827865600586,-15.881552696228027
2026-08-17T00:00:00.000Z,-23.00200080871582,-15.004899978637695,-19.002550760904953,2.2017502780624345,12,0,-19.133628845214844,-21.548614501953125,-16.92730140686035
2026-08-13T00:00:00.000Z,-16.412748336791992,-10.364524841308594,-13.43387802441915,2.060558986893768,12,0,-12.22603988647461,-15.238762855529785,-11.049651145935059
2026-08-12T00:00:00.000Z,-18.162010192871094,-12.107366561889648,-15.933930953343712,1.533448148759222,12,0,-15.95665168762207,-17.686891555786133,-14.628531455993652
2026-08-05T00:00:00.000Z,-21.01336097717285,-15.771987915039062,-17.909717400868736,1.6421524567529167,12,0,-18.176698684692383,-18.909704208374023,-15.876689910888672
2026-08-01T00:00:00.000Z,-19.75143814086914,-13.735953330993652,-17.19535128275553,1.722540728693787,12,0,-17.16461944580078,-19.279512405395508,-14.613049507141113
2026-07-31T00:00:00.000Z,-20.20822525024414,-13.70993709564209,-17.32866923014323,1.8745071219930565,12,0,-17.49456214904785,-18.32784080505371,-13.986405372619629
2026-07-24T00:00:00.000Z,-21.177995681762695,-14.689167976379395,-18.42605042457581,1.9880722468882714,12,0,-18.7342472076416,-19.521486282348633,-14.689285278320312
2026-07-20T00:00:00.000Z,-19.596885681152344,-16.292518615722656,-18.339348951975506,1.1411225537400222,12,0,-18.558439254760742,-19.439008712768555,-16.828269958496094
2026-07-19T00:00:00.000Z,-24.58846092224121,-15.782602310180664,-19.60217332839966,2.807996514522803,12,0,-18.2658634185791,-22.6146183013916,-16.521488189697266
2026-07-12T00:00:00.000Z,-18.884244918823242,-14.508149147033691,-16.64255158106486,1.5717612992355388,12,0,-16.0770320892334,-18.155317306518555,-14.68895149230957
2026-07-08T00:00:00.000Z,-21.53312110900879,-13.461468696594238,-18.210976044336956,2.4509889477158215,12,0,-18.578998565673828,-20.528175354003906,-13.918472290039062
2026-07-07T00:00:00.000Z,-19.96048927307129,-16.223159790039062,-18.398003260294594,1.323361182360621,12,0,-18.524433135986328,-19.79977035522461,-16.31730079650879
2026-06-30T00:00:00.000Z,-30,-20.001628875732422,-22.784437020619713,2.7961232123085993,12,0,-21.552165985107422,-25.44694709777832,-20.001739501953125
2026-06-26T00:00:00.000Z,-26.684383392333984,-15.498116493225098,-20.69707067807515,2.84402009827917,12,0,-19.90550422668457,-22.23128890991211,-18.685876846313477
2026-06-25T00:00:00.000Z,-28.812997817993164,-16.171781539916992,-21.31883176167806,3.0904497783920726,12,0,-20.665983200073242,-23.252275466918945,-17.94729995727539
2026-06-23T00:00:00.000Z,-30,-14.235777854919434,-23.873212099075317,5.050256668612823,12,0,-23.069101333618164,-29.127052307128906,-18.417573928833008
2026-06-19T00:00:00.000Z,-30,-20.7100887298584,-26.445626576741535,3.3756712680203207,12,0,-26.559005737304688,-30,-20.924470901489258
2026-06-18T00:00:00.000Z,-30,-17.339675903320312,-25.08208592732747,4.286397080078543,12,0,-24.041704177856445,-30,-20.89597511291504
2026-06-11T00:00:00.000Z,-30,-20.07695198059082,-26.876905123392742,3.596714723512139,12,0,-28.89946174621582,-30,-21.161455154418945
2026-06-07T00:00:00.000Z,-25.996257781982422,-16.13729476928711,-18.663818041483566,2.7084785911692513,12,0,-17.619707107543945,-20.036989212036133,-16.24999237060547
2026-06-06T00:00:00.000Z,-23.15528678894043,-14.798966407775879,-20.392592350641888,2.6049006409893005,12,0,-20.99747085571289,-23.153648376464844,-16.127927780151367